{
      "queries": [
            {
                  "qid": "1",
                  "query": "l*ng"
            },
            {
                  "qid": "2",
                  "query": "in*e"
            },
            {
                  "qid": "3",
                  "query": "ret*val"
            },
            {
                  "qid": "4",
                  "query": "mac*"
            },
            {
                  "qid": "5",
                  "query": "*nswering"
            },
            {
                  "qid": "6",
                  "query": "*ses"
            },
            {
                  "qid": "7",
                  "query": "tree*"
            },
            {
                  "qid": "8",
                  "query": "sp*h"
            },
            {
                  "qid": "9",
                  "query": "m*g"
            },
            {
                  "qid": "10",
                  "query": "v*n"
            },
            {
                  "qid": "11",
                  "query": "rein*"
            },
            {
                  "qid": "12",
                  "query": "lan*ge"
            },
            {
                  "qid": "13",
                  "query": "auto*"
            },
            {
                  "qid": "14",
                  "query": "on*y"
            },
            {
                  "qid": "15",
                  "query": "senti*"
            },
            {
                  "qid": "16",
                  "query": "s*p"
            },
            {
                  "qid": "17",
                  "query": "l*m"
            },
            {
                  "qid": "18",
                  "query": "nat*l"
            },
            {
                  "qid": "19",
                  "query": "we*"
            },
            {
                  "qid": "20",
                  "query": "mo*c"
            },
            {
                  "qid": "21",
                  "query": "com*er"
            },
            {
                  "qid": "22",
                  "query": "cl*g"
            },
            {
                  "qid": "23",
                  "query": "s*ic"
            },
            {
                  "qid": "24",
                  "query": "re*s"
            },
            {
                  "qid": "25",
                  "query": "*ata"
            },
            {
                  "qid": "26",
                  "query": "f*sion"
            },
            {
                  "qid": "27",
                  "query": "o*ject"
            },
            {
                  "qid": "28",
                  "query": "g*dm"
            },
            {
                  "qid": "29",
                  "query": "n*ural"
            },
            {
                  "qid": "30",
                  "query": "e*treme"
            }
      ]
}